<?xml version="1.0" encoding="UTF-8"?>
<resource xmlns:xsi="http://www.w3.org/2001/XMLSchema-instance">
    <property key="ICECompanyApplication">
        <value xml:lang="en">ICECompany Application</value>
    </property>
    <property key="ICECompanyCompanyName">
        <value xml:lang="en">OFBiz: ICECompany</value>
    </property>
    <property key="ICECompanyCompanySubtitle">
        <value xml:lang="en">Part of the Open For Business Family of Open Source Software</value>
    </property>
    <property key="ICECompanyViewPermissionError">
        <value xml:lang="en">You are not allowed to view this page.</value>
    </property>
</resource>
