<?xml version="1.0" encoding="UTF-8"?>
<site-conf xmlns:xsi="http://www.w3.org/2001/XMLSchema-instance"
        xsi:noNamespaceSchemaLocation="http://ofbiz.apache.org/dtds/site-conf.xsd">
    <!-- The controller elements that are common to all OFBiz components
         can be found in the following xml file. A component can override the
         elements found in the common-controller.xml file. -->
    <include location="component://common/webcommon/WEB-INF/common-controller.xml"/>

    <description>ICECompany Component Site Configuration File</description>
    <owner></owner>


    <!-- Events to run on every request before security (chains exempt) -->
    <!--
    <preprocessor>
    </preprocessor>
    -->
    <!-- Events to run on every request after all other processing (chains exempt) -->
    <!--
    <postprocessor>
        <event name="test" type="java" path="org.ofbiz.webapp.event.TestEvent" invoke="test"/>
    </postprocessor>
    -->

    <!-- Request Mappings -->
    <request-map uri="main"><security https="true" auth="true"/><response name="success" type="view" value="main"/></request-map>
    <request-map uri="authview"><security https="true" auth="true"/><response name="success" type="view" value="main"/></request-map>
	<request-map uri="invoicereport"><response name="success" type="view" value="invoicereport"></response></request-map>
	<request-map uri="billreport"> <response name="success" type="view" value="billreport"></response></request-map>
	<request-map uri="receiptonly"> <response name="success" type="view" value="receiptonly"></response></request-map>
	<request-map uri="receiptreport"> <response name="success" type="view" value="receiptreport"></response></request-map>
	<request-map uri="backup"> <response name="success" type="view" value="backup"></response></request-map>
	<request-map uri="invoicereportduplicate"> <response name="success" type="view" value="invoicereportduplicate"></response></request-map>
	<request-map uri="invoicereportWithoutTin"><response name="success" type="view" value="invoicereportWithoutTin"></response></request-map>
	<request-map uri="billprinting"><response name="success" type="view" value="billprinting"></response></request-map>

    <!-- View Mappings -->
    <view-map name="main2" type="screen" page="component://ICECompany/widget/ICECompanyScreens.xml#main"/>
    <view-map name="main" type="zk" page="/zkpages/mainpage.zul"/>
    <view-map name="invoicereport" type="zk" page="/zkreport/taxinvoice.zul"/>
    <view-map name="billreport" type="zk" page="/zkreport/billreport.zul"/>
    <view-map name="receiptonly" type="zk" page="/zkreport/receipt.zul"/>
    <view-map name="receiptreport" type="zk" page="/zkreport/receiptreport.zul"/>
    <view-map name="backup" type="zk" page="/zkpages/Backup.zul"/>
    <view-map name="invoicereportduplicate" type="zk" page="/zkreport/duplicatetaxinvoice.zul"/>
    <view-map name="invoicereportWithoutTin" type="zk" page="/zkreport/taxinvoicewithoutTin.zul"/>
    <view-map name="billprinting" type="zk" page="/zkreport/billPrinting.jsp"/>
    
</site-conf>
